<?xml version="1.0" encoding="UTF-8"?>
<!DOCTYPE xdoclet PUBLIC "-//XDoclet Team//DTD XDoclet Tags 1.1//EN" "http://xdoclet.sourceforge.net/dtds/xtags_1_1.dtd">
<xdoclet>
  <!-- OC4J (OracleiAS) specific tags -->
  <namespace>
    <name>oc4j</name>
    <usage-description>Oracle Application Server (OC4J) specific tags for EJB.</usage-description>
    <condition-description>all EJB types</condition-description>
    <condition type="and">
      <condition type="or">
        <condition type="method"/>
        <condition type="class"/>
      </condition>
      <condition type="or">
        <condition type="type">
          <condition-parameter>javax.ejb.EntityBean</condition-parameter>
        </condition>
        <condition type="type">
          <condition-parameter>javax.ejb.SessionBean</condition-parameter>
        </condition>
        <condition type="type">
          <condition-parameter>javax.ejb.MessageDrivenBean</condition-parameter>
        </condition>
      </condition>
    </condition>
    
    <tags>
    
      <tag>
        <level>class</level>
        <name>oc4j.bean</name>
        <usage-description>
          All attributes of session-deployment, entity-deployment and
          message-driven-deployment are placed under this class level tag.
        </usage-description>
        <unique>true</unique>
        <condition-description>All EJB types, class level</condition-description>
        <condition type="and">
          <condition type="method"/>
          <condition type="or">
            <condition type="type">
              <condition-parameter>javax.ejb.EntityBean</condition-parameter>
            </condition>
            <condition type="type">
              <condition-parameter>javax.ejb.SessionBean</condition-parameter>
            </condition>
            <condition type="type">
              <condition-parameter>javax.ejb.MessageDrivenBean</condition-parameter>
            </condition>
          </condition>
        </condition>

        <parameter type="text">
          <name>jndi-name</name>
          <usage-description>
            This parameter specifies the JNDI name to be used for lookup. It
            uses the 'ejb-name' by default.
          </usage-description>
          <mandatory>false</mandatory>
          <condition-description>Applicable to session and entity beans</condition-description>
          <condition type="or">
            <condition type="type">
              <condition-parameter>javax.ejb.EntityBean</condition-parameter>
            </condition>
            <condition type="type">
              <condition-parameter>javax.ejb.SessionBean</condition-parameter>
            </condition>
          </condition>
        </parameter>
        
        <parameter type="int">
          <name>pool-cache-timeout</name>
          <usage-description>
             This parameter specifies how long (in seconds) to keep beans cached in the
             pool. For stateless session beans, if you specify a pool-cache-timeout,
             then at every pool-cache-timeout interval, all beans in the pool, of the
             corresponding bean type, are removed. If the value specified is zero or
             negative, then the pool-cache-timeout is disabled and beans are
             not removed from the pool.
          </usage-description>
          <mandatory>false</mandatory>
          <default>60</default>
          <condition-description>Applicable to session (stateless) and entity beans</condition-description>
          <condition type="or">
            <condition type="type">
              <condition-parameter>javax.ejb.EntityBean</condition-parameter>
            </condition>
            <condition type="type">
              <condition-parameter>javax.ejb.SessionBean</condition-parameter>
            </condition>
          </condition>
        </parameter>
        
        <parameter type="int">
          <name>call-timeout</name>
          <usage-description>
          This parameter specifies the maximum time (in milli seconds) to wait for
          any resource to make a business/life-cycle method invocation. This is not a
          timeout for how long a business method invocation can take.
          If the timeout is reached, a TimedOutException is thrown. This excludes
          database connections. Set to 0 if you want the timeout to be forever.
          </usage-description>
          <mandatory>false</mandatory>
          <default>90000</default>
          <condition-description>Applicable to session and entity beans.</condition-description>
          <condition type="or">
            <condition type="type">
              <condition-parameter>javax.ejb.EntityBean</condition-parameter>
            </condition>
            <condition type="type">
              <condition-parameter>javax.ejb.SessionBean</condition-parameter>
            </condition>
          </condition>
        </parameter>
        
        <parameter type="bool">
          <name>copy-by-value</name>
          <usage-description>
            Whether or not to copy (clone) all the incoming/outgoing parameters
            in EJB calls. Set this to 'false' if you're certain your application
            doesn't assume copy-by-value semantics for a speed-up. The
            default is 'true'. 
          </usage-description>
          <mandatory>false</mandatory>
          <default>true</default>
          <condition-description>Applicable to session and entity beans</condition-description>
          <condition type="or">
            <condition type="type">
              <condition-parameter>javax.ejb.EntityBean</condition-parameter>
            </condition>
            <condition type="type">
              <condition-parameter>javax.ejb.SessionBean</condition-parameter>
            </condition>
          </condition>
        </parameter>
        
        <parameter type="int">
          <name>max-instances</name>
          <usage-description>
            The number of maximum bean implementation instances to be kept
            instantiated or pooled. The default is 100. This setting is valid for
            session beans (stateless) and entity beans only.
          </usage-description>
          <mandatory>false</mandatory>
          <default>100</default>
          <condition-description>Applicable to session (stateless) and entity beans</condition-description>
          <condition type="or">
            <condition type="type">
              <condition-parameter>javax.ejb.EntityBean</condition-parameter>
            </condition>
            <condition type="type">
              <condition-parameter>javax.ejb.SessionBean</condition-parameter>
            </condition>
          </condition>
        </parameter>
        
        <parameter type="int">
          <name>min-instances</name>
          <usage-description>
            The number of minimum bean implementation instances to be kept
            instantiated or pooled. The default is 0. This setting is valid for
            session (stateless) and entity beans only.
          </usage-description>
          <mandatory>false</mandatory>
          <default>0</default>
          <condition-description>Applicable to session (stateless) and entity beans</condition-description>
          <condition type="or">
            <condition type="type">
              <condition-parameter>javax.ejb.EntityBean</condition-parameter>
            </condition>
            <condition type="type">
              <condition-parameter>javax.ejb.SessionBean</condition-parameter>
            </condition>
          </condition>
        </parameter>
        
        <parameter type="int">
          <name>max-instances-per-pk</name>
          <usage-description>
            Sets the maximum entity bean wrapper instances allowed in its pool
            for a given primary key.
          </usage-description>
          <mandatory>false</mandatory>
          <default>50</default>
          <condition-description>Applicable to entity beans</condition-description>
          <condition type="type">
            <condition-parameter>javax.ejb.EntityBean</condition-parameter>
          </condition>
        </parameter>
        
        <parameter type="int">
          <name>min-instances-per-pk</name>
          <usage-description>
            Sets the minimum entity bean wrapper instances allowed in its pool
            for a given primary key.
          </usage-description>
          <mandatory>false</mandatory>
          <default>0</default>
          <condition-description>Applicable to entity beans</condition-description>
          <condition type="type">
            <condition-parameter>javax.ejb.EntityBean</condition-parameter>
          </condition>
        </parameter>
        
        <parameter type="int">
          <name>max-tx-retries</name>
          <usage-description>
            The number of times to retry a transaction that was rolled back due
            to system-level failures. The default is 3.            
          </usage-description>
          <mandatory>false</mandatory>
          <default>3</default>
          <condition-description>Applicable to session and entity beans</condition-description>
          <condition type="or">
            <condition type="type">
              <condition-parameter>javax.ejb.EntityBean</condition-parameter>
            </condition>
            <condition type="type">
              <condition-parameter>javax.ejb.SessionBean</condition-parameter>
            </condition>
          </condition>
        </parameter>
        
        <parameter type="text">
          <name>persistence-filename</name>
          <usage-description>
             Path to file where sessions are stored across restarts. 
          </usage-description>
          <mandatory>false</mandatory>
          <condition-description>Applicable to session beans</condition-description>
          <condition type="type">
            <condition-parameter>javax.ejb.SessionBean</condition-parameter>
          </condition>
        </parameter>
        
        <parameter type="int">
          <name>timeout</name>
          <usage-description>
            Inactivity timeout in seconds. If the value is zero or negative timeouts
            will be disabled. 
          </usage-description>
          <mandatory>false</mandatory>
          <default>0</default>
          <condition-description>applicable to session beans</condition-description>
          <condition type="type">
            <condition-parameter>javax.ejb.SessionBean</condition-parameter>
          </condition>
        </parameter>
        
        <parameter type="text">
          <name>clustering-schema</name>
          <usage-description>
             This parameter should be set to "asynchronous-cache" in order to
             cluster-enable an Entity bean.
          </usage-description>
          <mandatory>true</mandatory>
          <condition-description>Applicable to entity beans.</condition-description>
          <condition type="type">
            <condition-parameter>javax.ejb.EntityBean</condition-parameter>
          </condition>
          <option-sets>
            <option-set>
              <default>default</default>
              <options>
                <option>default</option>
                <option>asynchronous-cache</option>
              </options>
            </option-set>
          </option-sets>
        </parameter>
        
        <parameter type="text">
          <name>data-source</name>
          <usage-description>
            The name of the data-source used if using container-managed
            persistence. Use the 'ejb-location' attribute of the data-source entry.
          </usage-description>
          <mandatory>true</mandatory>
          <default>jdbc/OracleDS</default>
          <condition-description>Applicable to entity beans.</condition-description>
          <condition type="type">
            <condition-parameter>javax.ejb.EntityBean</condition-parameter>
          </condition>
        </parameter>
        
        <parameter type="bool">
          <name>exclusive-write-access</name>
          <usage-description>
             Whether or not the EJB-server has exclusive write (update) access
             to the database backend. This can be used only for entity
             beans that use a "read_only" locking mode. In this case, it
             increases the performance for common bean operations and enables
             better caching.  Default is false for beans with locking-mode=optimistic
             or pessimistic and true for locking-mode=read-only. 
          </usage-description>
          <mandatory>false</mandatory>
          <default>Default is false for beans with locking-mode=optimistic or pessimistic and true for locking-mode=read-only.</default>
          <condition-description>Applicable to entity beans.</condition-description>
          <condition type="type">
            <condition-parameter>javax.ejb.EntityBean</condition-parameter>
          </condition>
        </parameter>
        
        <parameter type="int">
          <name>instance-cache-timeout</name>
          <usage-description>
          The amount of time in seconds that entity wrapper instances are
          assigned to an identity. If you specify 'never', you retain the wrapper
          instances until they are garbage collected. The default is 60 seconds.
          </usage-description>
          <mandatory>false</mandatory>
          <default>60</default>
          <condition-description>Applicable to entity beans.</condition-description>
          <condition type="type">
            <condition-parameter>javax.ejb.EntityBean</condition-parameter>
          </condition>
        </parameter>
        
        <parameter type="text">
          <name>isolation</name>
          <usage-description>
             Specifies the isolation-level for database actions. The valid
             values for Oracle databases are 'serializable' and 'committed'. The
             default is 'committed'. Non-Oracle databases can be the following:
             'none', 'committed', 'serializable', 'uncommitted', and
             'repeatable_reads'.   
          </usage-description>
          <mandatory>false</mandatory>
          <default>committed</default>
          <condition-description>Applicable to entity beans.</condition-description>
          <condition type="type">
            <condition-parameter>javax.ejb.EntityBean</condition-parameter>
          </condition>
          <option-sets>
              <option-set>
                <default>committed</default>
                <options>
                  <option>none</option>
                  <option>committed</option>
                  <option>serializable</option>
                  <option>uncommitted</option>
                  <option>repeatable_reads</option>
                </options>
              </option-set>
          </option-sets>
        </parameter>
        
        <parameter type="text">
          <name>table</name>
          <usage-description>
            The name of the table in the database if using
            container-managed persistence. Applicable to entity beans.
          </usage-description>
          <mandatory>false</mandatory>
          <condition-description>Applicable to entity beans.</condition-description>
          <condition type="type">
            <condition-parameter>javax.ejb.EntityBean</condition-parameter>
          </condition>
        </parameter>
        
        <parameter type="int">
          <name>validity-timeout</name>
          <usage-description>
            The maximum amount of time (in millis) that an entity is valid in
            the cache (before being reloaded).  Useful for loosely coupled
            environments where rare updates from legacy systems occur. This
            attribute is only valid when exclusive-write-access="true" (the
            default). Applicable to entity beans.
          </usage-description>
          <mandatory>false</mandatory>
          <condition-description>Applicable to entity beans.</condition-description>
          <condition type="type">
            <condition-parameter>javax.ejb.EntityBean</condition-parameter>
          </condition>
        </parameter>
        
        <parameter type="int">
          <name>instance-cache-timeout</name>
          <usage-description>
            The amount of time in seconds that entity wrapper instances are
            assigned to an identity. If you specify 'never', you retain the wrapper
            instances until they are garbage collected. The default is 60 seconds.
          </usage-description>
          <mandatory>false</mandatory>
          <default>60</default>
          <condition-description>Applicable to entity beans.</condition-description>
          <condition type="type">
            <condition-parameter>javax.ejb.EntityBean</condition-parameter>
          </condition>
        </parameter>
 
        <parameter type="bool">
          <name>do-select-before-insert</name>
          <usage-description>
           Recommend setting to false to avoid the extra select before insert
           which checks if the entity already exists before doing the insert.
           This will then detect a duplicate, if there is one, during the insert.
           Default Value: true
          </usage-description>
          <mandatory>false</mandatory>
          <default>true</default>
          <condition-description>Applicable to entity beans.</condition-description>
          <condition type="type">
            <condition-parameter>javax.ejb.EntityBean</condition-parameter>
          </condition>
        </parameter>

        <parameter type="text">
          <name>locking-mode</name>
          <usage-description>
           Configures the handling of resource contention and parallel execution
           within CMP entity beans.
           PESSIMISTIC uses "select for update" to manage resource contention and
           only allows one user at a time to execute the entity bean. 
           OPTIMISTIC allows multiple users to execute the entity bean in parallel.
           It does not monitor resource contention; thus, the burden of the data
           consistency is placed on the database isolation modes.
           READ-ONLY allows multiple users to execute the entity bean in parallel.
           The container does not allow any updates to the bean's state.
           OLD_PESSIMISTIC is maintained for backward compatibility with OC4J
           1.0.2.2 and for use with non-Oracle databases.
          </usage-description>
          <mandatory>false</mandatory>
          <condition-description>Applicable to entity beans.</condition-description>
          <condition type="type">
            <condition-parameter>javax.ejb.EntityBean</condition-parameter>
          </condition>
          <option-sets>
              <option-set>
                <default>optimistic</default>
                <options>
                  <option>pessimistic</option>
                  <option>optimistic</option>
                  <option>read-only</option>
                  <option>old_pessimistic</option>
                </options>
              </option-set>
          </option-sets>
        </parameter>

        <parameter type="bool">
          <name>update-changed-fields-only</name>
          <usage-description>
           Specifies whether the container updates only modified fields or
           all fields to persistence storage for CMP entity beans when
           ejbStore is invoked. The default is true, which specifies to only
           update modified fields. 
          </usage-description>
          <mandatory>false</mandatory>
          <default>true</default>
          <condition-description>Applicable to entity beans.</condition-description>
          <condition type="type">
            <condition-parameter>javax.ejb.EntityBean</condition-parameter>
          </condition>
        </parameter>

        <parameter type="bool">
          <name>disable-wrapper-cache</name>
          <usage-description>
          If true, a pool of wrapper instances is not maintained. The default is true.
          </usage-description>
          <mandatory>false</mandatory>
          <default>true</default>
          <condition-description>Applicable to entity beans.</condition-description>
          <condition type="type">
            <condition-parameter>javax.ejb.EntityBean</condition-parameter>
          </condition>
        </parameter>

        <parameter type="bool">
          <name>delay-updates-until-commit</name>
          <usage-description>
           This attribute is valid only for CMP entity beans. Defers the
           flushing of transactional data until commit time or not. The default is
           true. Set this value to false to update persistence data after completion
           of every EJB method invocation - except ejbRemove() and
           the finder methods.
          </usage-description>
          <mandatory>false</mandatory>
          <default>false</default>
          <condition-description>Applicable to entity (CMP) beans.</condition-description>
          <condition type="type">
            <condition-parameter>javax.ejb.EntityBean</condition-parameter>
          </condition>
        </parameter>
      
        <parameter type="text">
          <name>connection-factory-location</name>
          <usage-description>
          The JMS Destination Connection Factory is specified in the
          connection-factory-location attribute. The syntax for database
          queue/topic is "java:comp/resource" + resource provider name +
          "TopicConnectionFactories" or "QueueConnectionFactories" + user
          defined name. The xxxConnectionFactories details
          what type of factory is being defined.
          </usage-description>
          <mandatory>true</mandatory>
          <condition-description>Applicable to message driven beans.</condition-description>
          <condition type="type">
            <condition-parameter>javax.ejb.MessageDrivenBean</condition-parameter>
          </condition>
        </parameter>
        
        <parameter type="text">
          <name>destination-location</name>
          <usage-description>
           The JNDI location of the destination (queue/topic) to use. The
           JMS Destination is specified in the destination-location
           attribute. The syntax for database queue/topic is "java:comp/resource" +
           resource provider name + "Topics" or "Queues" + Destination name. The
           Topic or Queue details what type of Destination is being defined.
           The Destination name is the actual queue or topic name
           defined in the database.
          </usage-description>
          <mandatory>true</mandatory>
          <condition-description>Applicable to message driven beans.</condition-description>
          <condition type="type">
            <condition-parameter>javax.ejb.MessageDrivenBean</condition-parameter>
          </condition>
        </parameter>
        
        <parameter type="text">
          <name>subscription-name</name>
          <usage-description>
            If this is a topic, the subscription name is defined in the subscription-name attribute.
          </usage-description>
          <mandatory>false</mandatory>
          <condition-description>Applicable to message driven beans.</condition-description>
          <condition type="type">
            <condition-parameter>javax.ejb.MessageDrivenBean</condition-parameter>
          </condition>
        </parameter>
        
        <parameter type="int">
          <name>listener-threads</name>
          <usage-description>
          The listener threads are used to concurrently consume JMS messages. The default is one thread.
          </usage-description>
          <mandatory>false</mandatory>
          <default>1</default>
          <condition-description>Applicable to message driven beans.</condition-description>
          <condition type="type">
            <condition-parameter>javax.ejb.MessageDrivenBean</condition-parameter>
          </condition>
        </parameter>
        
        <parameter type="int">
          <name>transaction-timeout</name>
          <usage-description>
          This attribute controls the transaction timeout interval for any
          container-managed transactional MDB. The default is one day. If the
          transaction has not completed in this timeframe, the transaction is rolled back.
          </usage-description>
          <mandatory>false</mandatory>
          <default>1</default>
          <condition-description>Applicable to message driven beans.</condition-description>
          <condition type="type">
            <condition-parameter>javax.ejb.MessageDrivenBean</condition-parameter>
          </condition>
        </parameter>

      </tag>

      <tag>
        <level>method</level>
        <name>oc4j.persistence</name>
        <usage-description>
          Use these tags to specify persistence details for Container Managed Entity Beans.
        </usage-description>
        <unique>false</unique>
          <condition-description>Applicable to entity (CMP) beans.</condition-description>
        <condition type="and">
          <condition type="method"/>
          <condition type="type">
            <condition-parameter>javax.ejb.EntityBean</condition-parameter>
          </condition>
        </condition>
        <parameter type="text">
          <name>persistence-name</name>
          <usage-description>The name of the field in the database table.</usage-description>
          <mandatory>false</mandatory>
        </parameter>
        <parameter type="text">
          <name>persistence-type</name>
          <usage-description>The database type (valid values varies from database to database) of the field.</usage-description>
          <mandatory>false</mandatory>
        </parameter>

        <parameter type="text">
          <name>table-name</name>
          <usage-description>The database table name for this field</usage-description>
          <mandatory>false</mandatory>
        </parameter>

        <parameter type="bool">
          <name>immutable</name>
          <usage-description>
          Whether or not the value can be trusted to be immutable once added to
          the Collection/Map. Setting this to true will optimize database
          operations extensively. The default value is "true" for set-mapping
          and map-mappings and "false" for collection-mapping and list-mapping.
         </usage-description>
          <mandatory>false</mandatory>
        </parameter>
      </tag>
      
      <tag>
        <level>method</level>
        <name>oc4j.field-persistence-manager</name>
        <usage-description>
            If @oc4j.persistence field-persistence-manager
            specified and there's some properties for the persistence manager, specify it
            as one or more
            @oc4j.field-persistence-manager-property tags for the
            persistent field.
        </usage-description>
        <unique>false</unique>
        <condition-description>Method level, entity beans</condition-description>
        <condition type="and">
          <condition type="method"/>
          <condition type="type">
            <condition-parameter>javax.ejb.EntityBean</condition-parameter>
          </condition>
        </condition>
        <parameter type="text">
          <name>class</name>
          <usage-description>
          The class that implements a custom persistence handler for this CMP-field.
          </usage-description>
          <mandatory>false</mandatory>
        </parameter>
      </tag>

      <tag>
        <level>method</level>
        <name>oc4j.field-persistence-manager-property</name>
        <usage-description>
        Specify properties for field-persistence-manager. Must have a @oc4j.field-persistence-manager "class" param set.
        </usage-description>
        <unique>false</unique>
        <condition-description>Method level, entity beans</condition-description>
        <condition type="and">
          <condition type="method"/>
          <condition type="type">
            <condition-parameter>javax.ejb.EntityBean</condition-parameter>
          </condition>
        </condition>
        <parameter type="text">
          <name>name</name>
          <usage-description>The name of the property.</usage-description>
          <mandatory>false</mandatory>
        </parameter>
        <parameter type="text">
          <name>value</name>
          <usage-description>The value of the property.</usage-description>
          <mandatory>false</mandatory>
        </parameter>
      </tag>

    </tags>
  </namespace>
</xdoclet>
